{
  "train_loss": [
    0.10937677814349256,
    0.007178264646445987,
    0.00015544926162369343,
    0.0015449571260143314,
    8.97667105352782e-05
  ],
  "val_loss": [
    0.013356890696655575,
    0.011196017762909726,
    0.0048503408799981974,
    0.01410316941627945,
    0.012974458716652246
  ],
  "val_accuracy": [
    0.997037037037037,
    0.997037037037037,
    0.9992592592592593,
    0.997037037037037,
    0.997037037037037
  ],
  "val_precision": [
    0.9960106382978723,
    0.9986631016042781,
    1.0,
    0.9960106382978723,
    0.9960106382978723
  ],
  "val_recall": [
    0.9986666666666667,
    0.996,
    0.9986666666666667,
    0.9986666666666667,
    0.9986666666666667
  ],
  "val_f1": [
    0.9973368841544608,
    0.9973297730307076,
    0.9993328885923949,
    0.9973368841544608,
    0.9973368841544608
  ],
  "val_auc_roc": [
    0.9999822222222221,
    0.9999844444444445,
    0.9999933333333333,
    0.9999933333333333,
    0.9999933333333333
  ]
}